filename, Light-bulb
Ligth_bulb_12_jpg.rf.06aa9508440b30854ddf132f8eb077f3.jpg, 1
Ligth_bulb_193_jpg.rf.17dc7cf1688afe968fc1b87e49d2f951.jpg, 1
Ligth_bulb_192_jpg.rf.0134071eb7a840814a7d7e125ff532f7.jpg, 1
Ligth_bulb_58_jpg.rf.0a9777684737e3fb7686a1e8a7b52b32.jpg, 1
Ligth_bulb_176_jpg.rf.1aaee56e00b90439d8e90fa958aa95d0.jpg, 1
Ligth_bulb_146_jpg.rf.12232a5384de78c78a2ec6599e320737.jpg, 1
Ligth_bulb_95_jpg.rf.015cb3e978580bc1720d5977c63ae95d.jpg, 1
Ligth_bulb_111_jpg.rf.100f1bfe810c9719d975807cf0f67428.jpg, 1
Ligth_bulb_136_jpg.rf.1247a30c33aff7179f31abbd8f6438e5.jpg, 1
Ligth_bulb_126_jpg.rf.17f54329cc1b5fc064c79bc7ffd66171.jpg, 1
Ligth_bulb_190_jpg.rf.03db36a19720de9b0681e3ea92938346.jpg, 1
Ligth_bulb_152_jpg.rf.12d0c73d84805809d688d616d1178da9.jpg, 1
Ligth_bulb_3_jpg.rf.18f3263c871ecfe86e519ff2797fdb72.jpg, 1
Ligth_bulb_105_jpg.rf.06087404e663e35ef63fc162512d2bd2.jpg, 1
Ligth_bulb_9_jpg.rf.02d04ea75c7814b5817d1a8dbbf07ce9.jpg, 1
Ligth_bulb_186_jpg.rf.1735fa07f586606076bee2ec25b0974a.jpg, 1
Ligth_bulb_77_jpg.rf.07ec330d829cdeeba6cee91b7605d9e5.jpg, 1
Ligth_bulb_169_jpg.rf.1a04b37962e97e2c53d52c83cbab304d.jpg, 1
Ligth_bulb_10_jpg.rf.06e55528ed8966651e54a93674c18923.jpg, 1
Ligth_bulb_102_jpg.rf.173482a22469ff96b220c2e612dd6516.jpg, 1
Ligth_bulb_26_jpg.rf.0af57513dab76a0cbc6a30961425f2a3.jpg, 1
Ligth_bulb_84_jpg.rf.02285422c5cb352578547ad74bd49a51.jpg, 1
Ligth_bulb_198_jpg.rf.0a0c7c8282beb9576eee9470dd23a592.jpg, 1
Ligth_bulb_187_jpg.rf.067c52c8de8925f2b98ff399d1ac5358.jpg, 1
Ligth_bulb_109_jpg.rf.1fff12fcb0e1b10871e0d10696190f97.jpg, 1
Ligth_bulb_130_jpg.rf.24626d06dfd075f7f1feb0ed230b9cd6.jpg, 1
Ligth_bulb_124_jpg.rf.2f68c2d73c1967ca7cbbce8a77ac6f5c.jpg, 1
Ligth_bulb_54_jpg.rf.1d2ae850b3e741172fe28df617e41f00.jpg, 1
Ligth_bulb_197_jpg.rf.2bf280803781e13cd3672705bdd424bd.jpg, 1
Ligth_bulb_153_jpeg.rf.263ee15314dd1e656d8f8e3a17a2c4d6.jpg, 1
Ligth_bulb_119_jpg.rf.2261a364d117801e779b4ab1a1cb6586.jpg, 1
Ligth_bulb_132_jpg.rf.26038dcc4636b590504b2da2fcc8940b.jpg, 1
Ligth_bulb_120_jpg.rf.2fffe4644befee151f01d977eccfbc60.jpg, 1
Ligth_bulb_88_jpg.rf.23565661955996e89fb5814da9987905.jpg, 1
Ligth_bulb_22_jpeg.rf.3607f4ae1450a7f053bb136bd8a6544a.jpg, 1
Ligth_bulb_62_jpeg.rf.36d9b9a6479bb122413b6d20800a6889.jpg, 1
Ligth_bulb_112_jpg.rf.3ebb8ddbc111917941a54b08a3701ed3.jpg, 1
Ligth_bulb_36_jpg.rf.287775b4b6b90113741f865ec2eb769d.jpg, 1
Ligth_bulb_191_jpg.rf.3d09942a884cca009f0339cd41a44cf4.jpg, 1
240_F_153411609_zjnP386GueymHpt9l65uglXfImxNJYP8_jpg.rf.3fbaaf4429c82d0bba7bb93247040e25.jpg, 1
Ligth_bulb_93_jpg.rf.2e33907388e8a7e0c99d1c5c8a4ef9ad.jpg, 1
Ligth_bulb_104_jpg.rf.398623f5e6602c9964d5a7a4b683ff9e.jpg, 1
Ligth_bulb_23_jpg.rf.4a8de8e915fd958a541b25699c3f6ec1.jpg, 1
Ligth_bulb_98_jpg.rf.4cfffb1ce14bc3ad953ed2b7e683e7b4.jpg, 1
Ligth_bulb_81_jpg.rf.51dd94ddbbd903c1f5bc938266be1942.jpg, 1
Ligth_bulb_144_jpg.rf.4ead54f5a2ec2832967325ff754d06a7.jpg, 1
Ligth_bulb_1_jpg.rf.42dccf1dcecf0587d6e3f3d52c9b3de0.jpg, 1
Ligth_bulb_178_jpg.rf.49075a894337f26848019205fa779e97.jpg, 1
Ligth_bulb_76_jpg.rf.2ad0020d641e52e7aa109a5929cd6a80.jpg, 1
Ligth_bulb_4_jpg.rf.52b5341fe5681460e389c49b813d4c34.jpg, 1
Ligth_bulb_184_jpg.rf.07b83c0177739a21c641bcbd1e757d5a.jpg, 1
Ligth_bulb_167_jpg.rf.465e5d38fb543d18df8591ffd9b79831.jpg, 1
Ligth_bulb_17_jpg.rf.4ce19f26eac64553bc7b6fb7a012e4d9.jpg, 1
Ligth_bulb_123_jpg.rf.49ef7c3423845da1e094ded0fb2d465e.jpg, 1
Ligth_bulb_159_jpg.rf.50748dd418cfbc4c9499d37785ea038a.jpg, 1
Ligth_bulb_113_jpg.rf.59c6e8a1fb19628110a376df7829ab99.jpg, 1
Ligth_bulb_8_jpg.rf.4f5f7f92dda996fb9f8840dc5fd6ece8.jpg, 1
Ligth_bulb_129_jpg.rf.38fee77f24eb0525118eb623f5dde5e9.jpg, 1
Ligth_bulb_128_jpg.rf.5dbc955ef64b5f18a96a058ee1ba584d.jpg, 1
Ligth_bulb_140_jpg.rf.59202e74e7556de72c7cb3e167413119.jpg, 1
Ligth_bulb_16_jpg.rf.5ef48911c7a30d9527ab94c4fe99c7ce.jpg, 1
Ligth_bulb_83_jpg.rf.53dd95618e044b4a5f1875775635e7af.jpg, 1
Ligth_bulb_21_jpg.rf.54adf82d983737b6a1f7214e854991b7.jpg, 1
Ligth_bulb_7_jpg.rf.69da631bd165db2476f9750c2893fd35.jpg, 1
Ligth_bulb_52_jpg.rf.626e02a26f9a04af363051030e8d64ba.jpg, 1
Ligth_bulb_99_jpg.rf.5e56faa7c74d66feb5c55f454de44424.jpg, 1
Ligth_bulb_181_jpg.rf.6253f4490b302b220af3549ad7315c37.jpg, 1
Ligth_bulb_19_jpg.rf.5e99516df21b7704fa5150049d42e834.jpg, 1
Ligth_bulb_110_jpg.rf.530e505beb9f52259148dae18fd235bb.jpg, 1
Ligth_bulb_180_jpg.rf.6182f8e102d9445c86a9b7ba7175e80e.jpg, 1
Ligth_bulb_148_jpeg.rf.73ba9d14f4ead527df5ca8f72f87beb3.jpg, 1
Ligth_bulb_108_jpg.rf.6a38f2d34997d7ef19b45c3bd1c40bbe.jpg, 1
Ligth_bulb_118_jpg.rf.6dabf3a133aea9ebd20d4d712b43f217.jpg, 1
Ligth_bulb_151_jpg.rf.6f23f9dd5f3fd29171579861e6d5023a.jpg, 1
Ligth_bulb_143_jpg.rf.6ec8beabd4ddc680cb45aee27f8476a3.jpg, 1
Ligth_bulb_138_jpg.rf.7059e378ea92f758f6be4d7617c40e68.jpg, 1
Ligth_bulb_96_jpg.rf.71a470e7269f0c41e51d00dae882ae17.jpg, 1
Ligth_bulb_11_jpg.rf.7b346b22ba8dfdb94df359d34004d5af.jpg, 1
Ligth_bulb_106_jpg.rf.7689080b6ffcfe86f2e8520ae70b4ab9.jpg, 1
Ligth_bulb_170_jpg.rf.748a70e5854fde52a98d61f3c8118c2a.jpg, 1
Ligth_bulb_18_jpg.rf.76fa263b27ba7795a9754ff887f57dfc.jpg, 1
Ligth_bulb_89_jpg.rf.6c136bf0de7475d8540588c48cf45283.jpg, 1
Ligth_bulb_199_jpg.rf.78dd6c3fe5dc2a9c4a780b07abb64362.jpg, 1
Ligth_bulb_24_jpg.rf.69d8d420bf4a3fb261a48809c391ec8a.jpg, 1
Ligth_bulb_161_jpg.rf.6d28a3e5f4b0fd82664d58e790ba589d.jpg, 1
Ligth_bulb_94_jpg.rf.777280831a731d25fe9e1780f49c60e1.jpg, 1
Ligth_bulb_137_jpg.rf.6d5786eb9abd35862c30fc0ad440b4df.jpg, 1
Ligth_bulb_125_jpg.rf.7ddb5067b5cb4a483f7284bd9a77a722.jpg, 1
Ligth_bulb_121_jpg.rf.784c55f8b9c31a3c6b042e2ea1476af1.jpg, 1
Ligth_bulb_116_jpg.rf.62e44e12a031fade0ef17ed3d2bb707c.jpg, 1
Ligth_bulb_200_jpg.rf.7c14ac975a55933a460e2ca4bb4b8f63.jpg, 1
Ligth_bulb_44_jpg.rf.7eec0647b097475209edfc42366829b0.jpg, 1
Ligth_bulb_48_jpeg.rf.730b63e3a0759cb817ede5e09a895bba.jpg, 1
Ligth_bulb_173_jpeg.rf.795869ef700967c2e165eee0cbb1cc24.jpg, 1
Ligth_bulb_150_jpeg.rf.772184da1ba6ca76640376d2f7f37d9b.jpg, 1
Ligth_bulb_127_jpg.rf.88e4ba96fb4272ddf1836b84b08eb489.jpg, 1
Ligth_bulb_39_jpg.rf.66233483696ad345a4a235215b6cae4f.jpg, 1
Ligth_bulb_107_jpg.rf.8dc8ff458c38c788c0bdbf4201717cfc.jpg, 1
Ligth_bulb_91_jpg.rf.8eae4516524b48e0f8d18a7ec025a00d.jpg, 1
Ligth_bulb_115_jpg.rf.8e5f68cbac45a099db4aee5343dad09c.jpg, 1
Ligth_bulb_142_jpg.rf.8de39734dd087328b25c9268a94e9c29.jpg, 1
Ligth_bulb_101_jpg.rf.925124810adb61335b7f4060ded9da4f.jpg, 1
Ligth_bulb_70_jpg.rf.86f694cf0bdd9060c7e76359dc6b047c.jpg, 1
Ligth_bulb_141_jpg.rf.9670bcca694c40ad6ac9968b0e477d79.jpg, 1
Ligth_bulb_33_jpg.rf.935263633653077a7b9fa285315e11fc.jpg, 1
Ligth_bulb_20_jpg.rf.9a0ff157c3fc51c6e430db976cfa054e.jpg, 1
Ligth_bulb_154_jpg.rf.9823b0c27a4ee400d4f91d06daae5162.jpg, 1
Ligth_bulb_139_jpg.rf.864dfca73ce269c88c7ca70150673ee9.jpg, 1
Ligth_bulb_177_jpg.rf.989adccd92f167eb5248b9cb9f328b44.jpg, 1
Ligth_bulb_179_jpg.rf.9f10a27adaa1784fe86f556294a8a004.jpg, 1
Ligth_bulb_60_jpg.rf.94a2952ce929aaed75b4cdf422d80dd4.jpg, 1
Ligth_bulb_158_jpg.rf.a061c552560e03e660c6a23c89e603b3.jpg, 1
Ligth_bulb_155_jpg.rf.8a450ebf272875d60b7c68945d7ab485.jpg, 1
Ligth_bulb_34_jpg.rf.a38f2c652c74f7d68f0e4471e35a7958.jpg, 1
Ligth_bulb_38_jpg.rf.9bfca3d66ffb0c90d78f2304048482cc.jpg, 1
Ligth_bulb_57_jpg.rf.a1f88aa4d64c93dbac682dab0db35223.jpg, 1
Ligth_bulb_43_jpg.rf.a363680c7ca7ee039155b203fc7d5cd7.jpg, 1
Ligth_bulb_50_jpeg.rf.9c39b752ec2300caf23376838d556431.jpg, 1
Ligth_bulb_195_jpg.rf.a93ae27e6c904987634b4beaeb99757b.jpg, 1
Ligth_bulb_162_jpeg.rf.a1d0bf159cd8ef15f12c02f436b58ef3.jpg, 1
Ligth_bulb_122_jpeg.rf.b5dec6992a2c0eb289fb5d28022fcf81.jpg, 1
Ligth_bulb_79_jpg.rf.9be25725c81c2ce4a86f1f931905bf24.jpg, 1
Ligth_bulb_15_jpg.rf.b9ced2bda8f8497f395f1034fb948dba.jpg, 1
Ligth_bulb_6_jpg.rf.b19bdb38ea522e826d437a524a52dd25.jpg, 1
Ligth_bulb_66_jpg.rf.ace27e35cef128ec6ffee426bc853050.jpg, 1
Ligth_bulb_73_jpeg.rf.a9baf473bda3dddd0b6a0488647142fa.jpg, 1
Ligth_bulb_63_jpg.rf.b51fd71b2f7ad99f3733b1d9594c67dd.jpg, 1
Ligth_bulb_183_jpg.rf.b567f98b1f6ce5f03855da70d89e3275.jpg, 1
Ligth_bulb_27_jpg.rf.a5e3081564fcb6d6915d4bc90641e0f9.jpg, 1
Ligth_bulb_67_jpg.rf.b3797dc364a903a3e5554359b8bb723e.jpg, 1
Ligth_bulb_5_jpg.rf.b2c2f7f68a1f1f5c34e8e77b91a1074a.jpg, 1
Ligth_bulb_172_jpg.rf.acb6b17cae6a091036928a2913a2836e.jpg, 1
Ligth_bulb_37_jpg.rf.aff2773411063487ed15f0d2e9b116fc.jpg, 1
Ligth_bulb_42_jpg.rf.aecf99f76bfd1b744e32848d15bd4c1f.jpg, 1
Ligth_bulb_53_jpeg.rf.a65331ed2518fa87f0415b9a893f39aa.jpg, 1
Ligth_bulb_46_jpg.rf.c26456a94c1ecb76b8d70130431284b2.jpg, 1
Ligth_bulb_194_jpg.rf.b7100512fb9647266ce3592edfc19904.jpg, 1
Ligth_bulb_92_jpg.rf.c029770eac7ed71277c70c08db0e3d5e.jpg, 1
Ligth_bulb_65_jpg.rf.bedf62c2d9181fa6b4c65e83b4f769f6.jpg, 1
Ligth_bulb_156_jpg.rf.c2d7b015393cc9e636014540cb1cff7d.jpg, 1
Ligth_bulb_145_jpg.rf.9ec0c11b9a7e207c42790ad341009e2a.jpg, 1
Ligth_bulb_61_jpg.rf.c392487a1422ab3a3ac190069684584c.jpg, 1
Ligth_bulb_97_jpg.rf.c5bfe2140b492e7065e2e6fbfda81f09.jpg, 1
Ligth_bulb_40_jpg.rf.beb035309800c894ff18a8ebcd44d636.jpg, 1
Ligth_bulb_90_jpg.rf.c6830eb3c0e9429357bae9c25895f88c.jpg, 1
Ligth_bulb_72_jpg.rf.bd53435c4b024315b07bf139dd5f1de6.jpg, 1
Ligth_bulb_149_jpg.rf.b764eede49f46429d40ca3907e400d21.jpg, 1
Ligth_bulb_45_jpg.rf.d709edda59fe5e571e9d424a27a5d586.jpg, 1
Ligth_bulb_85_jpg.rf.d12d79e389d97d412ffa505f697fd0ba.jpg, 1
Ligth_bulb_168_jpg.rf.d3db1abf4629bc556355fcfdc77da850.jpg, 1
Ligth_bulb_31_jpg.rf.c48a2ee276cbf5c86955838b3d6e05c2.jpg, 1
240_F_37972694_LNW3lO5qrNRtuf94CybfJ23tJiYVlJUw_jpg.rf.d0b38265888fe4182889d8770a9d8844.jpg, 1
Ligth_bulb_163_jpg.rf.a404c96ecd7f89e38d448609273ee1e4.jpg, 1
Ligth_bulb_32_jpg.rf.d27c618525689a4e33693c738c77765b.jpg, 1
Ligth_bulb_2_jpg.rf.d4563339cb8e6881a2b02047eb211c2b.jpg, 1
Ligth_bulb_71_jpg.rf.d267e1c535166fd80bd85c041cd27527.jpg, 1
Ligth_bulb_68_jpg.rf.cfe0f90a4111a44473aaf304fa707bc6.jpg, 1
Ligth_bulb_80_jpg.rf.d986718af3f5499e164cea9cb55accc8.jpg, 1
Ligth_bulb_28_jpg.rf.d120c46e231b40bb8f20a638b24e82a3.jpg, 1
Ligth_bulb_35_jpg.rf.e1daf06b4dc7bc6ee8d2501e555f685d.jpg, 1
Ligth_bulb_25_jpg.rf.cb8640bb259b48870ac8ed623a1d6dea.jpg, 1
Ligth_bulb_160_jpg.rf.d96ac3e0f8bafd49665c5f13afde3b4b.jpg, 1
Ligth_bulb_87_jpg.rf.d9eea9a96c944eb47ab645e5b7d96cfb.jpg, 1
Ligth_bulb_133_jpg.rf.c6a353b6b1d6e599ad8a27aec8e06abb.jpg, 1
Ligth_bulb_164_jpg.rf.d79c2512d61adccab3ce2e81775175e5.jpg, 1
Ligth_bulb_41_jpg.rf.cb8cc50c4cfbc98c0a94dad6606df2a1.jpg, 1
Ligth_bulb_51_jpg.rf.db7d0830f8dabac669acfd738e53eb28.jpg, 1
Ligth_bulb_30_jpg.rf.d1957df4fd74c301e2db835adec9a98c.jpg, 1
Ligth_bulb_131_jpg.rf.dc3c947dbb7d0b5f1dca4008277b0e2d.jpg, 1
Ligth_bulb_147_jpg.rf.ec76e48905fb43c561b99dbd846a192d.jpg, 1
Ligth_bulb_134_jpg.rf.f10515b795521bcd88d3615fe44d2ae4.jpg, 1
Ligth_bulb_135_jpg.rf.edcd0fa7ffe90a990fed3d0022f376f0.jpg, 1
Ligth_bulb_78_jpg.rf.ef0e8219ef2244420433035027b0cb1a.jpg, 1
Ligth_bulb_189_jpg.rf.e88905ecbfa00732c747969cd038d410.jpg, 1
Ligth_bulb_59_jpg.rf.e396cf5508f743daa01737e188c62af3.jpg, 1
240_F_7931535_Pf6MW4J2cBntpAzMml9YZcSv8Jif1V4H_jpg.rf.f34ed747f82f1df5ad4997f8d884e11f.jpg, 1
Ligth_bulb_103_jpg.rf.ef6b5a2a4cd1ec562fdbd9ef8fa60318.jpg, 1
240_F_595394259_uHyvF4I4oeRaRx8GPZSDNSvL6pRIcm0E_jpg.rf.e95579979944490b9ca28d811bfccafd.jpg, 1
Ligth_bulb_157_jpg.rf.eecf1ac47dbff27a0c0ccd0a148108cb.jpg, 1
Ligth_bulb_114_jpg.rf.f2ede9c8d0505aa7eba15b9794b1b7ce.jpg, 1
Ligth_bulb_185_jpg.rf.ee971641bb81a40d05af02fa75c525b2.jpg, 1
Ligth_bulb_13_jpg.rf.dd7b09c6912493694dc6e43da8eb176c.jpg, 1
Ligth_bulb_49_jpg.rf.fa7cbb362514a740f10c58f7ecec3983.jpg, 1
Ligth_bulb_166_jpg.rf.fd57d7c83a9fdbe80aaba39f984732cd.jpg, 1
Ligth_bulb_165_jpg.rf.f2ee1c76fcd42dc6045bfb66c55dbb1a.jpg, 1
Ligth_bulb_55_jpg.rf.f306b17b2bbc59be4d6c20f944d74828.jpg, 1
Ligth_bulb_56_jpg.rf.f52b3dba90d525919e72b9ce53a62f2b.jpg, 1
Ligth_bulb_82_jpg.rf.fd7be50f28082ce443a841df9c06488a.jpg, 1
Ligth_bulb_100_jpg.rf.e24050fa421411c22706f14d98cacd0e.jpg, 1
Ligth_bulb_14_jpg.rf.f3bad18ba59eadd434775d033a3833aa.jpg, 1
Ligth_bulb_47_jpg.rf.f5ced927835fb4203ed832a0ee144dec.jpg, 1
Ligth_bulb_29_jpg.rf.fc1bf3bd7edc59ef96710ac16c2dac3d.jpg, 1
Ligth_bulb_86_jpg.rf.fed407d3e822e0656629676758786831.jpg, 1
Ligth_bulb_117_jpg.rf.e7bea21b7a3e7d7aee88b915e2c7910a.jpg, 1
Ligth_bulb_64_jpg.rf.fe237f4d3581089eae7b1ac33f45f952.jpg, 1
Ligth_bulb_182_jpg.rf.fb3cf868b52f9ef439df7754e7512ed3.jpg, 1
Ligth_bulb_188_jpg.rf.ffdb1eff0899d5020add3797a941a222.jpg, 1
Ligth_bulb_69_jpg.rf.ef350c75d6a31622546fb40bf82ec33d.jpg, 1
Ligth_bulb_196_jpg.rf.f3d9decc7fe9987012c380d43a0240af.jpg, 1
Ligth_bulb_171_jpg.rf.fef0a8a2ff3e78d3a6836e1acdf69407.jpg, 1